{
    "precision": [
        0.2261904761904762,
        0.21686746987951808,
        0.2073170731707317,
        0.20987654320987653,
        0.2125,
        0.21518987341772153,
        0.21794871794871795,
        0.22077922077922077,
        0.2236842105263158,
        0.21333333333333335,
        0.21621621621621623,
        0.2191780821917808,
        0.20833333333333334,
        0.19718309859154928,
        0.18571428571428572,
        0.18840579710144928,
        0.19117647058823528,
        0.1791044776119403,
        0.18181818181818182,
        0.18461538461538463,
        0.1875,
        0.19047619047619047,
        0.1935483870967742,
        0.18032786885245902,
        0.18333333333333332,
        0.1694915254237288,
        0.1724137931034483,
        0.17543859649122806,
        0.17857142857142858,
        0.18181818181818182,
        0.16666666666666666,
        0.16981132075471697,
        0.17307692307692307,
        0.17647058823529413,
        0.18,
        0.1836734693877551,
        0.1875,
        0.19148936170212766,
        0.1956521739130435,
        0.2,
        0.20454545454545456,
        0.20930232558139536,
        0.21428571428571427,
        0.21951219512195122,
        0.2,
        0.20512820512820512,
        0.21052631578947367,
        0.21621621621621623,
        0.2222222222222222,
        0.22857142857142856,
        0.23529411764705882,
        0.21212121212121213,
        0.21875,
        0.22580645161290322,
        0.2,
        0.20689655172413793,
        0.21428571428571427,
        0.2222222222222222,
        0.23076923076923078,
        0.24,
        0.25,
        0.2608695652173913,
        0.2727272727272727,
        0.2857142857142857,
        0.3,
        0.3157894736842105,
        0.2777777777777778,
        0.29411764705882354,
        0.3125,
        0.3333333333333333,
        0.35714285714285715,
        0.3076923076923077,
        0.3333333333333333,
        0.36363636363636365,
        0.3,
        0.3333333333333333,
        0.375,
        0.42857142857142855,
        0.5,
        0.6,
        0.75,
        1.0,
        1.0,
        1.0,
        1.0
    ],
    "recall": [
        1.0,
        0.9473684210526315,
        0.8947368421052632,
        0.8947368421052632,
        0.8947368421052632,
        0.8947368421052632,
        0.8947368421052632,
        0.8947368421052632,
        0.8947368421052632,
        0.8421052631578947,
        0.8421052631578947,
        0.8421052631578947,
        0.7894736842105263,
        0.7368421052631579,
        0.6842105263157895,
        0.6842105263157895,
        0.6842105263157895,
        0.631578947368421,
        0.631578947368421,
        0.631578947368421,
        0.631578947368421,
        0.631578947368421,
        0.631578947368421,
        0.5789473684210527,
        0.5789473684210527,
        0.5263157894736842,
        0.5263157894736842,
        0.5263157894736842,
        0.5263157894736842,
        0.5263157894736842,
        0.47368421052631576,
        0.47368421052631576,
        0.47368421052631576,
        0.47368421052631576,
        0.47368421052631576,
        0.47368421052631576,
        0.47368421052631576,
        0.47368421052631576,
        0.47368421052631576,
        0.47368421052631576,
        0.47368421052631576,
        0.47368421052631576,
        0.47368421052631576,
        0.47368421052631576,
        0.42105263157894735,
        0.42105263157894735,
        0.42105263157894735,
        0.42105263157894735,
        0.42105263157894735,
        0.42105263157894735,
        0.42105263157894735,
        0.3684210526315789,
        0.3684210526315789,
        0.3684210526315789,
        0.3157894736842105,
        0.3157894736842105,
        0.3157894736842105,
        0.3157894736842105,
        0.3157894736842105,
        0.3157894736842105,
        0.3157894736842105,
        0.3157894736842105,
        0.3157894736842105,
        0.3157894736842105,
        0.3157894736842105,
        0.3157894736842105,
        0.2631578947368421,
        0.2631578947368421,
        0.2631578947368421,
        0.2631578947368421,
        0.2631578947368421,
        0.21052631578947367,
        0.21052631578947367,
        0.21052631578947367,
        0.15789473684210525,
        0.15789473684210525,
        0.15789473684210525,
        0.15789473684210525,
        0.15789473684210525,
        0.15789473684210525,
        0.15789473684210525,
        0.15789473684210525,
        0.10526315789473684,
        0.05263157894736842,
        0.0
    ],
    "threshold": 0.0011601205915212631,
    "max": 54.37133026123047,
    "min": -22.549823760986328
}